{
  "step_qonnx_to_finn": 0.00022792816162109375,
  "step_tidy_up": 0.4714930057525635,
  "step_streamline": 2.4876749515533447,
  "custom_step_convert_to_hls": 0.1952838897705078,
  "step_create_dataflow_partition": 0.023003816604614258,
  "step_target_fps_parallelization": 0.0245358943939209,
  "step_apply_folding_config": 34.93027687072754,
  "step_generate_estimate_reports": 0.051593780517578125
}