{
  "step_qonnx_to_finn": 0.00011515617370605469,
  "step_tidy_up": 8.656171321868896,
  "step_streamline": 18.52337145805359,
  "custom_step_convert_to_hls": 0.9092862606048584,
  "step_create_dataflow_partition": 0.027077913284301758,
  "step_target_fps_parallelization": 0.07258248329162598,
  "step_apply_folding_config": 213.77570271492004,
  "step_generate_estimate_reports": 0.05527853965759277
}